,Movies,Year,Runtime,Imdb rating,Metascores,Votes,Gross (in millions)
0,Knives Out,2019,130,7.9,82,366091,165.36
1,Dil Bechara,2020,101,8.9,0,96329,
2,Jojo Rabbit,2019,108,7.9,58,246703,0.35
3,Hamilton,2020,160,8.8,90,33759,
4,The Gentlemen,2019,113,7.9,51,173029,
5,Once Upon a Time... In Hollywood,2019,161,7.7,83,500898,142.5
6,Joker,2019,122,8.5,59,842219,335.45
7,Jurassic Park,1993,127,8.1,68,842505,402.45
8,Avengers: Endgame,2019,181,8.4,78,748380,858.37
9,Parasite,2019,132,8.6,96,461524,53.37
10,Inception,2010,148,8.8,74,1993981,292.58
11,Apocalypse Now,1979,147,8.4,94,589491,83.47
12,Little Women,2019,135,7.8,91,119650,108.1
13,The Shawshank Redemption,1994,142,9.3,80,2272772,28.34
14,Interstellar,2014,169,8.6,74,1442142,188.02
15,The Godfather,1972,175,9.2,100,1567908,134.97
16,1917,2019,119,8.3,78,355760,159.23
17,Harry Potter and the Sorcerer's Stone,2001,152,7.6,64,623071,317.58
18,Ford v Ferrari,2019,152,8.1,81,246347,117.62
19,The Peanut Butter Falcon,2019,97,7.6,70,46566,13.12
20,Mad Max: Fury Road,2015,120,8.1,90,853798,154.06
21,One Flew Over the Cuckoo's Nest,1975,133,8.7,83,889022,112.0
22,The Dark Knight,2008,152,9.0,84,2235240,534.86
23,Pride & Prejudice,2005,129,7.8,82,246695,38.41
24,Gone Girl,2014,149,8.1,79,830555,167.77
25,The Matrix,1999,136,8.7,73,1627884,171.48
26,The Goonies,1985,114,7.8,62,236139,61.5
27,The Wolf of Wall Street,2013,180,8.2,75,1137403,116.9
28,Inglourious Basterds,2009,153,8.3,69,1226341,120.54
29,Goodfellas,1990,146,8.7,90,988528,46.84
30,Avengers: Infinity War,2018,149,8.4,68,792645,678.82
31,Thor: Ragnarok,2017,130,7.9,74,562184,315.06
32,Back to the Future,1985,116,8.5,87,1024166,210.61
33,Pulp Fiction,1994,154,8.9,94,1775814,107.93
34,The Lord of the Rings: The Fellowship of the Ring,2001,178,8.8,92,1616276,315.54
35,The Shining,1980,146,8.4,66,866530,44.02
36,No Country for Old Men,2007,122,8.1,91,828873,74.28
37,Gladiator,2000,155,8.5,67,1304767,187.71
38,Titanic,1997,194,7.8,75,1021296,659.33
39,American History X,1998,119,8.5,62,1011955,6.72
40,Moana,2016,107,7.6,81,259652,248.76
41,The Irishman,2019,209,7.9,94,302073,7.0
42,The Silence of the Lambs,1991,118,8.6,85,1230551,130.74
43,Blade Runner 2049,2017,164,8.0,81,438891,92.05
44,The Godfather: Part II,1974,202,9.0,90,1095558,57.3
45,Eternal Sunshine of the Spotless Mind,2004,108,8.3,89,887438,34.4
46,Dunkirk,2017,106,7.9,94,527504,188.37
47,The Prestige,2006,130,8.5,66,1151330,53.09
48,Fight Club,1999,139,8.8,66,1802932,37.03
49,The Big Lebowski,1998,117,8.1,71,711412,17.5
50,Spotlight,2015,129,8.1,93,405244,45.06
51,Forrest Gump,1994,142,8.8,82,1750654,330.25
52,Watchmen,2009,162,7.6,56,489881,107.51
53,The Departed,2006,151,8.5,85,1156764,132.38
54,The Green Mile,1999,189,8.6,61,1109170,136.8
55,The Princess Bride,1987,98,8.1,77,384294,30.86
56,Ghostbusters,1984,105,7.8,71,346470,238.63
57,Dazed and Confused,1993,102,7.6,78,161065,7.99
58,The Dark Knight Rises,2012,164,8.4,78,1476651,448.14
59,Schindler's List,1993,195,8.9,94,1180133,96.9
60,Django Unchained,2012,165,8.4,81,1314141,162.81
61,Zodiac,2007,157,7.7,78,441514,33.08
62,Ex Machina,2014,108,7.7,78,461325,25.44
63,Spider-Man: Into the Spider-Verse,2018,117,8.4,87,332727,190.24
64,The Thing,1982,109,8.1,57,359104,13.78
65,Airplane!,1980,88,7.7,78,207816,83.4
66,Harry Potter and the Deathly Hallows: Part 2,2011,130,8.1,85,741371,381.01
67,Mission: Impossible - Fallout,2018,147,7.7,86,279669,220.16
68,Jaws,1975,124,8.0,87,534828,260.0
69,Guardians of the Galaxy,2014,121,8.0,76,1021253,333.18
70,Wonder,2017,113,8.0,66,133413,132.42
71,Se7en,1995,127,8.6,65,1397990,100.13
72,Alien,1979,117,8.4,89,766806,78.9
73,Léon: The Professional,1994,110,8.5,64,1004947,19.5
74,The Notebook,2004,123,7.8,53,506551,81.0
75,Almost Famous,2000,122,7.9,90,247096,32.53
76,The Usual Suspects,1995,106,8.5,77,966573,23.34
77,Pirates of the Caribbean: The Curse of the Black Pearl,2003,143,8.0,63,999978,305.41
78,Taxi Driver,1976,114,8.3,94,701037,28.26
79,Portrait of a Lady on Fire,2019,122,8.1,95,47830,
80,Call Me by Your Name,2017,132,7.9,93,198105,18.1
81,Saving Private Ryan,1998,169,8.6,91,1200627,216.54
82,Shutter Island,2010,138,8.2,63,1092578,128.01
83,Bohemian Rhapsody,2018,134,8.0,49,431937,216.43
84,Harry Potter and the Goblet of Fire,2005,157,7.7,81,529031,290.01
85,Avatar,2009,162,7.8,83,1099529,760.51
86,Sicario,2015,121,7.6,82,359440,46.89
87,Prisoners,2013,153,8.1,70,579018,61.0
88,Catch Me If You Can,2002,141,8.1,75,797218,164.62
89,V for Vendetta,2005,132,8.2,62,1007353,70.51
90,The Lord of the Rings: The Return of the King,2003,201,8.9,94,1600646,377.85
91,American Beauty,1999,122,8.3,84,1047078,130.1
92,Get Out,2017,104,7.7,85,470064,176.04
93,"The Good, the Bad and the Ugly",1966,178,8.8,90,670727,6.1
94,Green Book,2018,130,8.2,69,338606,85.08
95,"Three Billboards Outside Ebbing, Missouri",2017,115,8.2,88,409609,54.51
96,Snatch,2000,102,8.3,55,764951,30.33
97,Requiem for a Dream,2000,102,8.3,68,746584,3.64
98,Dangerous Liaisons,1988,119,7.6,74,63158,34.7
99,Batman Begins,2005,140,8.2,70,1274510,206.85
100,Harry Potter and the Prisoner of Azkaban,2004,142,7.9,82,531678,249.36
101,Memento,2000,113,8.4,80,1095492,25.54
102,Baby Driver,2017,113,7.6,86,420512,107.83
103,Star Trek,2009,127,7.9,82,571270,257.73
104,Ferris Bueller's Day Off,1986,103,7.8,61,313028,70.14
105,Room,2015,118,8.1,86,355645,14.68
106,Stand by Me,1986,89,8.1,75,354881,52.29
107,The Breakfast Club,1985,97,7.9,66,347527,45.88
108,A Clockwork Orange,1971,136,8.3,77,738589,6.21
109,Scarface,1983,170,8.3,65,719313,45.6
110,Stardust,2007,127,7.6,66,249653,38.63
111,Being John Malkovich,1999,113,7.7,90,303778,22.86
112,The Incredibles 2,2018,118,7.6,80,238430,608.58
113,The Last Samurai,2003,154,7.7,55,391215,111.11
114,Heat,1995,170,8.2,76,560780,67.44
115,Deadpool,2016,108,8.0,65,880201,363.07
116,Come and See,1985,142,8.3,0,53614,
117,Ocean's Eleven,2001,116,7.7,74,503295,183.42
118,Marriage Story,2019,137,8.0,94,224846,2.0
119,Star Wars: Episode IV - A New Hope,1977,121,8.6,90,1201736,322.74
120,The Revenant,2015,156,8.0,76,682731,183.64
121,Spirited Away,2001,125,8.6,96,623986,10.06
122,Raiders of the Lost Ark,1981,115,8.4,85,863525,248.16
123,Good Will Hunting,1997,126,8.3,70,834972,138.43
124,The Avengers,2012,143,8.0,69,1239442,623.28
125,X-Men: Days of Future Past,2014,132,8.0,75,649354,233.92
126,The Godfather: Part III,1990,162,7.6,60,349558,66.67
127,The Fifth Element,1997,126,7.7,52,425144,63.54
128,The Sandlot,1993,101,7.8,55,77004,32.42
129,Toy Story 4,2019,100,7.8,84,187626,434.04
130,Logan,2017,137,8.1,77,625335,226.28
131,Platoon,1986,120,8.1,92,372610,138.53
132,Zootopia,2016,108,8.0,78,419916,341.27
133,The Imitation Game,2014,114,8.0,73,666052,91.13
134,The Terminator,1984,107,8.0,84,782568,38.4
135,Gone with the Wind,1939,238,8.1,97,283222,198.68
136,Boogie Nights,1997,155,7.9,85,233196,26.4
137,Terminator 2: Judgment Day,1991,137,8.5,75,972845,204.84
138,Deadpool 2,2018,119,7.7,66,458821,324.59
139,There Will Be Blood,2007,158,8.2,93,501409,40.22
140,Blade Runner,1982,117,8.1,84,676408,32.87
141,The Truman Show,1998,103,8.1,90,907678,125.62
142,X-Men: First Class,2011,131,7.7,65,635970,146.41
143,Guardians of the Galaxy Vol. 2,2017,136,7.6,67,548174,389.81
144,Whiplash,2014,106,8.5,88,688169,13.09
145,Fargo,1996,98,8.1,85,599447,24.61
146,The Lion King,1994,88,8.5,88,914859,422.78
147,Arrival,2016,116,7.9,81,573647,100.55
148,The Grand Budapest Hotel,2014,99,8.1,88,685706,59.1
149,The Help,2011,146,8.0,62,418648,169.71
150,American Psycho,2000,101,7.6,64,470944,15.07
151,Deliverance,1972,109,7.7,80,96512,7.06
152,Her,2013,126,8.0,90,522120,25.57
153,Midnight in Paris,2011,94,7.7,81,379051,56.82
154,Full Metal Jacket,1987,116,8.3,76,656444,46.36
155,A Star Is Born,2018,136,7.7,88,316145,215.29
156,Hot Fuzz,2007,121,7.8,81,453019,23.64
157,300,2006,117,7.6,52,721414,210.61
158,The Lord of the Rings: The Two Towers,2002,179,8.7,87,1446428,342.55
159,2001: A Space Odyssey,1968,149,8.3,84,586165,56.95
160,Harry Potter and the Deathly Hallows: Part 1,2010,146,7.7,65,461760,295.98
161,Iron Man,2008,126,7.9,79,918923,318.41
162,Aliens,1986,137,8.3,84,638115,85.16
163,The Blues Brothers,1980,133,7.9,60,178432,57.23
164,E.T. the Extra-Terrestrial,1982,115,7.8,91,361925,435.11
165,Fried Green Tomatoes,1991,130,7.7,64,65311,82.42
166,The Hateful Eight,2015,168,7.8,68,497313,54.12
167,The Perks of Being a Wallflower,2012,103,8.0,67,450398,17.74
168,Donnie Darko,2001,113,8.0,71,727218,1.48
169,Rogue One: A Star Wars Story,2016,133,7.8,65,537224,532.18
170,Mulholland Drive,2001,147,8.0,85,311991,7.22
171,Kingsman: The Secret Service,2014,129,7.7,60,578112,128.26
172,The Hobbit: An Unexpected Journey,2012,169,7.8,58,745012,303.0
173,La La Land,2016,128,8.0,94,486473,151.1
174,The Social Network,2010,120,7.7,95,607195,96.96
175,The Sixth Sense,1999,107,8.1,64,892577,293.51
176,Big Fish,2003,125,8.0,58,407602,66.26
177,The Big Short,2015,130,7.8,81,347477,70.26
178,12 Angry Men,1957,96,8.9,96,666253,4.36
179,Psycho,1960,109,8.5,97,584889,32.0
180,True Romance,1993,119,7.9,59,201986,12.28
181,Oldboy,2003,120,8.4,77,499595,0.71
182,Casino,1995,178,8.2,73,451221,42.44
183,Captain America: Civil War,2016,147,7.8,75,642244,408.08
184,What We Do in the Shadows,2014,86,7.7,76,149795,3.33
185,Harry Potter and the Half-Blood Prince,2009,153,7.6,78,456661,301.96
186,Midnight Express,1978,121,7.6,59,71848,35.0
187,Chhichhore,2019,143,8.2,0,27986,0.9
188,Into the Wild,2007,148,8.1,73,559380,18.35
189,Scent of a Woman,1992,156,8.0,59,252690,63.9
190,The Girl with the Dragon Tattoo,2011,158,7.8,71,410798,102.52
191,Apocalypto,2006,139,7.8,68,285601,50.87
192,Before Sunrise,1995,101,8.1,77,261757,5.54
193,The Martian,2015,144,8.0,80,738761,228.43
194,Edge of Tomorrow,2014,113,7.9,71,584775,100.21
195,Reservoir Dogs,1992,99,8.3,79,894368,2.83
196,Braveheart,1995,178,8.3,68,940006,75.6
197,Blow,2001,124,7.6,52,236046,52.99
198,The Incredibles,2004,115,8.0,90,641436,261.44
199,Kill Bill: Vol. 1,2003,111,8.1,69,975003,70.1
200,Die Hard,1988,132,8.2,72,766420,83.01
201,Drive,2011,100,7.8,78,557303,35.06
202,Black Swan,2010,108,8.0,79,684949,106.95
203,A Few Good Men,1992,138,7.7,62,228814,141.34
204,The Fault in Our Stars,2014,126,7.7,69,336348,124.87
205,Moneyball,2011,133,7.6,87,353173,75.61
206,Hacksaw Ridge,2016,139,8.1,71,416520,67.21
207,The Fugitive,1993,130,7.8,87,261536,183.88
208,Coco,2017,105,8.4,81,349998,209.73
209,Sin City,2005,124,8.0,74,732606,74.1
210,The Hangover,2009,100,7.7,73,704779,277.32
211,Birdman or (The Unexpected Virtue of Ignorance),2014,119,7.7,87,564892,42.34
212,Mulan,1998,88,7.6,71,243674,120.62
213,The Invisible Guest,2016,106,8.1,0,125759,
214,Primal Fear,1996,129,7.7,47,180930,56.12
215,Love Actually,2003,135,7.6,55,415138,59.7
216,Once Upon a Time in America,1984,229,8.4,0,301335,5.32
217,Ratatouille,2007,111,8.0,96,623290,206.45
218,Tombstone,1993,130,7.8,50,122793,56.51
219,3:10 to Yuma,2007,122,7.7,76,283264,53.61
220,Your Name.,2016,106,8.4,79,176663,5.02
221,Amélie,2001,122,8.3,69,689250,33.23
222,Predator,1987,107,7.8,45,364030,59.74
223,Star Wars: Episode VII - The Force Awakens,2015,138,7.9,80,843790,936.66
224,Children of Men,2006,109,7.9,84,455194,35.55
225,Life Is Beautiful,1997,116,8.6,59,603928,57.6
226,A Beautiful Mind,2001,135,8.2,72,825636,170.74
227,Atonement,2007,123,7.8,85,242930,50.93
228,"O Brother, Where Art Thou?",2000,107,7.7,69,278809,45.51
229,12 Monkeys,1995,129,8.0,74,567681,57.14
230,Walk the Line,2005,136,7.8,72,228964,119.52
231,Casino Royale,2006,144,8.0,80,568928,167.45
232,About Time,2013,123,7.8,55,289001,15.32
233,12 Years a Slave,2013,134,8.1,96,623000,56.67
234,Seven Samurai,1954,207,8.6,98,307067,0.27
235,The Exorcist,1973,122,8.0,81,353499,232.91
236,Superbad,2007,113,7.6,76,510394,121.46
237,Star Wars: Episode V - The Empire Strikes Back,1980,124,8.7,82,1129598,290.48
238,Nightcrawler,2014,117,7.9,76,446879,32.38
239,Skyfall,2012,143,7.7,81,619331,304.36
240,Inside Out,2015,95,8.1,94,590733,356.46
241,Howl's Moving Castle,2004,119,8.2,80,317448,4.71
242,Pan's Labyrinth,2006,118,8.2,98,605756,37.63
243,The Handmaiden,2016,145,8.1,84,103657,2.01
244,Warrior,2011,140,8.2,71,426658,13.66
245,Lost in Translation,2003,102,7.7,89,402257,44.59
246,Once Upon a Time in the West,1968,165,8.5,80,294214,5.32
247,Giant,1956,201,7.6,84,33198,
248,Hidden Figures,2016,127,7.8,74,192535,169.61
249,Magnolia,1999,188,8.0,77,284182,22.46
250,The Sound of Music,1965,172,8.0,63,198143,163.21
251,Unforgiven,1992,130,8.2,85,366311,101.16
252,Home Alone,1990,103,7.6,63,450623,285.76
253,Back to the Future Part II,1989,108,7.8,57,466238,118.5
254,Casablanca,1942,102,8.5,100,508706,1.02
255,The Pianist,2002,150,8.5,85,705849,32.57
256,The Deer Hunter,1978,183,8.1,86,303640,48.98
257,Cast Away,2000,143,7.8,73,509415,233.63
258,Blue Is the Warmest Colour,2013,180,7.7,88,134990,2.2
259,Silver Linings Playbook,2012,122,7.7,81,650026,132.09
260,Minority Report,2002,145,7.6,80,497754,132.07
261,Inside Man,2006,129,7.6,76,330900,88.51
262,From Here to Eternity,1953,118,7.6,85,42287,30.5
263,The Intouchables,2011,112,8.5,57,734766,13.18
264,Edward Scissorhands,1990,105,7.9,74,436460,56.36
265,Vertigo,1958,128,8.3,100,351326,3.2
266,Moonrise Kingdom,2012,94,7.8,84,310876,45.51
267,Rush,2013,123,8.1,74,421843,26.95
268,Indiana Jones and the Last Crusade,1989,127,8.2,65,675394,197.17
269,Searching,2018,102,7.6,71,130400,26.02
270,Groundhog Day,1993,101,8.0,72,568339,70.91
271,Spartacus,1960,197,7.9,87,121694,30.0
272,Brokeback Mountain,2005,134,7.7,87,316426,83.04
273,The Wizard of Oz,1939,102,8.0,100,365850,2.08
274,Tangled,2010,100,7.7,71,395224,200.82
275,The Curious Case of Benjamin Button,2008,166,7.8,70,574516,127.51
276,Captain America: The Winter Soldier,2014,136,7.7,70,717467,259.77
277,Dances with Wolves,1990,181,8.0,72,234614,184.21
278,Capernaum,2018,126,8.4,75,52390,1.66
279,Rain Man,1988,133,8.0,65,464196,178.8
280,Princess Mononoke,1997,134,8.4,76,329550,2.38
281,Finding Nemo,2003,100,8.1,90,925909,380.84
282,Sherlock Holmes,2009,128,7.6,57,573204,209.03
283,Star Wars: Episode VI - Return of the Jedi,1983,131,8.3,58,926069,309.13
284,Remember the Titans,2000,113,7.8,48,193918,115.65
285,Wind River,2017,107,7.7,73,194652,33.8
286,Dead Poets Society,1989,128,8.1,79,409775,95.86
287,City of God,2002,130,8.6,79,684564,7.56
288,Hell or High Water,2016,102,7.6,88,197436,26.86
289,Training Day,2001,122,7.7,69,380523,76.63
290,Toy Story,1995,81,8.3,95,862327,191.8
291,Argo,2012,120,7.7,86,562202,136.03
292,Serenity,2005,119,7.8,74,279503,25.51
293,Mississippi Burning,1988,128,7.8,65,85447,34.6
294,The Hobbit: The Desolation of Smaug,2013,161,7.8,66,589877,258.37
295,Million Dollar Baby,2004,132,8.1,86,621880,100.49
296,L.A. Confidential,1997,138,8.2,90,520498,64.62
297,True Grit,2010,110,7.6,80,304209,171.24
298,Trainspotting,1996,93,8.1,83,622285,16.5
299,The Blind Side,2009,129,7.6,53,285310,255.96
300,Crash,2004,112,7.7,66,414663,54.58
301,Captain Fantastic,2016,118,7.9,72,181303,5.88
302,Despicable Me,2010,95,7.6,72,490364,251.51
303,"Synecdoche, New York",2008,124,7.6,67,79320,3.08
304,Mary Poppins,1964,139,7.8,88,154021,102.27
305,Indiana Jones and the Temple of Doom,1984,118,7.6,57,436952,179.87
306,Rocky,1976,120,8.1,70,505123,117.24
307,The Naked Gun: From the Files of Police Squad!,1988,85,7.6,76,147979,78.76
308,"Monsters, Inc.",2001,92,8.0,79,793200,289.92
309,The Bourne Identity,2002,119,7.9,68,498131,121.66
310,Up,2009,96,8.2,88,909205,293.0
311,Amadeus,1984,160,8.3,88,360181,51.97
312,Willy Wonka & the Chocolate Factory,1971,100,7.8,67,173566,4.0
313,The Hunt,2012,115,8.3,77,268504,0.69
314,"Lock, Stock and Two Smoking Barrels",1998,107,8.2,66,523309,3.9
315,Donnie Brasco,1997,127,7.7,76,271108,41.91
316,Close Encounters of the Third Kind,1977,138,7.6,90,179882,132.09
317,What's Eating Gilbert Grape,1993,118,7.8,73,209823,9.17
318,Mystic River,2003,138,7.9,84,410525,90.14
319,Saw,2004,103,7.6,46,371256,56.0
320,Halloween,1978,91,7.8,87,221852,47.0
321,Little Miss Sunshine,2006,101,7.8,80,431089,59.89
322,Mad Max 2: The Road Warrior,1981,96,7.6,77,163156,12.47
323,3 Idiots,2009,170,8.4,67,330944,6.53
324,Black Hawk Down,2001,144,7.7,74,357538,108.64
325,Shrek,2001,90,7.8,84,598869,267.67
326,The Florida Project,2017,111,7.6,92,89251,5.9
327,Incendies,2010,131,8.3,80,141741,6.86
328,Zombieland,2009,88,7.6,73,509597,75.59
329,Rear Window,1954,112,8.4,100,431091,36.76
330,Shaun of the Dead,2004,99,7.9,76,501304,13.54
331,Y Tu Mamá También,2001,106,7.6,88,113456,13.62
332,Lawrence of Arabia,1962,228,8.3,100,260833,44.82
333,Dog Day Afternoon,1975,125,8.0,86,230271,50.0
334,Taken,2008,90,7.8,51,557249,145.0
335,Slumdog Millionaire,2008,120,8.0,84,785147,141.32
336,Goldfinger,1964,110,7.7,87,168426,51.08
337,Gravity,2013,91,7.7,96,754120,274.09
338,Man on Fire,2004,146,7.7,47,323239,77.91
339,Star Trek Into Darkness,2013,132,7.7,72,458060,228.78
340,The Untouchables,1987,119,7.9,79,272220,76.27
341,WALL·E,2008,98,8.4,95,972434,223.81
342,The King's Speech,2010,118,8.0,88,627122,138.8
343,Manchester by the Sea,2016,137,7.8,96,237619,47.7
344,Chinatown,1974,130,8.2,92,285911,29.2
345,Dallas Buyers Club,2013,117,8.0,80,429080,27.3
346,The Others,2001,104,7.6,74,329977,96.52
347,Dr. Strangelove or: How I Learned to Stop Worrying and Love the Bomb,1964,95,8.4,97,440119,0.28
348,Kick-Ass,2010,117,7.6,66,517022,48.07
349,Double Indemnity,1944,107,8.3,95,139130,5.72
350,Downfall,2004,156,8.2,82,323942,5.51
351,Carlito's Way,1993,144,7.9,65,196080,36.95
352,500 Days of Summer,2009,95,7.7,76,463532,32.39
353,28 Days Later...,2002,113,7.6,73,368774,45.06
354,Fantastic Mr. Fox,2009,87,7.9,83,192413,21.0
355,The Lives of Others,2006,137,8.4,89,348642,11.29
356,Monty Python and the Holy Grail,1975,91,8.2,93,490629,1.23
357,Life of Pi,2012,127,7.9,79,569228,124.99
358,This Is Spinal Tap,1984,82,7.9,92,126411,0.19
359,My Cousin Vinny,1992,120,7.6,68,103632,52.93
360,Gone Baby Gone,2007,114,7.6,72,245111,20.3
361,The Game,1997,129,7.8,61,335779,48.32
362,Boyz n the Hood,1991,112,7.7,76,121325,57.5
363,The Graduate,1967,106,8.0,83,249460,104.95
364,Misery,1990,107,7.8,75,178737,61.28
365,The Little Mermaid,1989,83,7.6,88,231089,111.54
366,The Butterfly Effect,2004,113,7.6,30,443499,57.94
367,The Last of the Mohicans,1992,112,7.7,76,145328,75.51
368,Lion,2016,118,8.0,69,205912,51.74
369,Aladdin,1992,90,8.0,86,363072,217.35
370,Citizen Kane,1941,119,8.3,100,388303,1.59
371,Blue Velvet,1986,120,7.8,76,175921,8.55
372,Big Hero 6,2014,102,7.8,74,399971,222.53
373,Who Framed Roger Rabbit,1988,104,7.7,83,178107,156.45
374,Beauty and the Beast,1991,84,8.0,95,409881,218.97
375,Papillon,1973,151,8.0,58,119081,53.27
376,Moon,2009,97,7.9,67,329142,5.01
377,Office Space,1999,89,7.7,68,237298,10.82
378,It's a Wonderful Life,1946,130,8.6,89,387339,
379,Only the Brave,2017,134,7.6,72,54702,18.34
380,The Birds,1963,119,7.7,90,166816,11.4
381,The Hurt Locker,2008,131,7.6,95,413439,17.02
382,First Blood,1982,93,7.7,61,221000,47.21
383,For a Few Dollars More,1965,132,8.3,74,225193,15.0
384,Before Sunset,2004,80,8.0,90,227941,5.82
385,Kill Bill: Vol. 2,2004,137,8.0,83,666678,66.21
386,Wild Tales,2014,122,8.1,77,169678,3.11
387,Dirty Harry,1971,102,7.7,90,140316,35.9
388,The Warriors,1979,92,7.6,65,91594,22.49
389,Boyhood,2014,165,7.9,100,330250,25.38
390,Dangal,2016,161,8.4,0,146864,12.39
391,Blazing Saddles,1974,93,7.7,73,123136,119.5
392,The Machinist,2004,101,7.7,61,350145,1.08
393,Ip Man,2008,106,8.0,59,207605,
394,Sleepers,1996,147,7.6,49,183554,49.1
395,Bridge of Spies,2015,142,7.6,81,280562,72.31
396,Fear and Loathing in Las Vegas,1998,118,7.6,41,254284,10.68
397,Stalker,1979,162,8.2,0,111439,0.23
398,Dark City,1998,100,7.6,66,184873,14.38
399,How to Train Your Dragon,2010,98,8.1,75,650037,217.58
400,Flipped,2010,90,7.7,45,79566,1.75
401,Blood Diamond,2006,143,8.0,64,488782,57.37
402,Das Boot,1981,149,8.3,86,225807,11.49
403,Rosemary's Baby,1968,137,8.0,96,186923,
404,Before Midnight,2013,109,7.9,94,135978,8.11
405,The Fighter,2010,116,7.8,79,333443,93.62
406,Grave of the Fireflies,1988,89,8.5,94,224275,
407,In Bruges,2008,107,7.9,67,382839,7.76
408,The Theory of Everything,2014,123,7.7,72,389340,35.89
409,American Gangster,2007,157,7.8,76,383063,130.16
410,Do the Right Thing,1989,120,7.9,93,85705,27.55
411,My Neighbor Totoro,1988,86,8.2,86,276898,1.11
412,The Magnificent Seven,1960,128,7.7,74,85784,4.91
413,Adaptation.,2002,115,7.7,83,173703,22.25
414,Captain Phillips,2013,134,7.8,82,411118,107.1
415,Memories of Murder,2003,132,8.1,82,127152,0.01
416,Sense and Sensibility,1995,136,7.6,84,99209,43.18
417,The Secret in Their Eyes,2009,129,8.2,80,187295,6.39
418,The Thin Red Line,1998,170,7.6,78,168936,36.4
419,Toy Story 3,2010,103,8.3,92,738071,415.0
420,Roma,2018,135,7.7,96,133930,
421,The Pursuit of Happyness,2006,117,8.0,64,436265,163.57
422,Gran Torino,2008,116,8.1,72,705681,148.1
423,District 9,2009,112,7.9,81,629431,115.65
424,Brazil,1985,132,7.9,84,184065,9.93
425,Coraline,2009,100,7.7,80,190389,75.29
426,The Skin I Live In,2011,120,7.6,70,134677,3.19
427,End of Watch,2012,109,7.6,68,224026,41.0
428,Cinema Paradiso,1988,155,8.5,80,222162,11.99
429,A Bronx Tale,1993,121,7.8,80,124720,17.27
430,Breakfast at Tiffany's,1961,115,7.7,76,162697,
431,Gilda,1946,110,7.7,0,27099,
432,Hunt for the Wilderpeople,2016,101,7.9,81,104010,5.2
433,The Count of Monte Cristo,2002,131,7.8,61,126610,54.23
434,Traffic,2000,147,7.6,86,192868,124.12
435,Apollo 13,1995,140,7.6,77,261734,173.84
436,The Hunt for Red October,1990,135,7.6,58,174586,122.01
437,The Insider,1999,157,7.8,84,156774,28.97
438,Falling Down,1993,113,7.6,56,166112,40.9
439,Gifted,2017,101,7.6,60,95419,24.8
440,Lost Highway,1997,134,7.6,52,127333,3.8
441,Raging Bull,1980,129,8.2,89,312897,23.38
442,Planet of the Apes,1968,112,8.0,79,162597,33.4
443,Rebecca,1940,130,8.1,86,118968,4.36
444,The Crow,1994,102,7.6,71,163335,50.69
445,Some Like It Hot,1959,121,8.2,98,237431,25.0
446,Philadelphia,1993,125,7.7,66,219252,77.32
447,Barry Lyndon,1975,185,8.1,89,144796,
448,Gangs of Wasseypur,2012,321,8.2,89,77917,
449,Enter the Dragon,1973,102,7.7,83,94267,25.0
450,The Nightmare Before Christmas,1993,76,8.0,82,284698,75.08
451,Pink Floyd: The Wall,1982,95,8.1,47,74600,22.24
452,Shoplifters,2018,121,8.0,93,56067,3.31
453,I Saw the Devil,2010,144,7.8,67,105594,0.13
454,Wreck-It Ralph,2012,101,7.7,72,370646,189.42
455,Match Point,2005,124,7.6,72,202598,23.09
456,Escape from Alcatraz,1979,112,7.6,76,116125,43.0
457,Gandhi,1982,191,8.0,79,214925,52.77
458,Empire of the Sun,1987,153,7.7,62,112887,22.24
459,Cold War,2018,89,7.6,90,45538,4.57
460,To Kill a Mockingbird,1962,129,8.2,88,288263,
461,Creed,2015,133,7.6,82,241209,109.77
462,Road to Perdition,2002,117,7.7,72,242045,104.45
463,Ran,1985,162,8.2,96,108415,4.14
464,"Paris, Texas",1984,145,8.1,78,85949,2.18
465,JFK,1991,189,8.0,72,138230,70.41
466,The Farewell,2019,100,7.6,89,43886,16.88
467,North by Northwest,1959,136,8.3,98,290791,13.28
468,Togo,2019,113,8.0,69,30252,
469,The Bourne Ultimatum,2007,115,8.0,85,596861,227.47
470,As Good as It Gets,1997,139,7.7,67,269531,148.48
471,The Boondock Saints,1999,108,7.8,44,224442,0.03
472,The Lego Movie,2014,100,7.7,83,318845,257.76
473,Midnight Cowboy,1969,113,7.8,79,98481,44.79
474,The Seventh Seal,1957,96,8.2,88,158677,
475,The Great Escape,1963,172,8.2,86,219107,12.1
476,A Fistful of Dollars,1964,99,8.0,65,191723,14.5
477,The Bourne Supremacy,2004,108,7.7,73,426448,176.24
478,Akira,1988,124,8.0,0,158851,0.55
479,The Elephant Man,1980,124,8.1,78,213896,
480,Toy Story 2,1999,92,7.9,88,513388,245.85
481,Changeling,2008,141,7.7,63,233016,35.74
482,Serpico,1973,130,7.7,87,106262,29.8
483,Singin' in the Rain,1952,103,8.3,99,212588,8.82
484,The Color Purple,1985,154,7.8,78,76266,98.47
485,Isle of Dogs,2018,101,7.9,82,132124,32.02
486,The Girl with the Dragon Tattoo,2009,152,7.8,76,205817,10.1
487,Young Frankenstein,1974,106,8.0,80,140140,86.3
488,Straight Outta Compton,2015,147,7.8,72,175806,161.2
489,Mr. Nobody,2009,141,7.8,63,211287,0.0
490,The Royal Tenenbaums,2001,110,7.6,76,260439,52.36
491,Days of Heaven,1978,94,7.8,93,50830,
492,When Harry Met Sally...,1989,95,7.6,76,190163,92.82
493,Sunset Blvd.,1950,110,8.4,0,195124,
494,October Sky,1999,108,7.8,71,80243,32.48
495,Monty Python's Life of Brian,1979,94,8.1,77,358407,20.05
496,In the Mood for Love,2000,98,8.1,85,118651,2.73
497,Harakiri,1962,133,8.7,85,36768,
498,Butch Cassidy and the Sundance Kid,1969,110,8.0,66,198895,102.31
499,Cool Hand Luke,1967,127,8.1,92,158071,16.22
500,"Blood In, Blood Out",1993,180,8.0,47,28244,4.5
501,Gattaca,1997,106,7.8,64,275197,12.34
502,A Silent Voice: The Movie,2016,130,8.2,78,40006,
503,Ponyo,2008,101,7.7,86,119626,15.09
504,The Holy Mountain,1973,114,7.9,76,35234,0.06
505,After Hours,1985,97,7.7,90,56477,10.6
506,The Sting,1973,129,8.3,83,235721,159.6
507,Glory,1989,122,7.8,78,118561,26.83
508,Ben-Hur,1959,212,8.1,90,214384,74.7
509,Enemy at the Gates,2001,131,7.6,53,237742,51.4
510,The Raid: Redemption,2011,101,7.6,73,186833,4.11
511,The Jungle Book,1967,78,7.6,65,162022,141.84
512,Metropolis,1927,153,8.3,98,155641,1.24
513,Dogville,2003,178,8.0,60,134654,1.53
514,Sling Blade,1996,135,8.0,84,85611,24.48
515,Kiki's Delivery Service,1989,103,7.8,83,117301,
516,Eastern Promises,2007,100,7.6,82,223551,17.11
517,The Conversation,1974,113,7.8,85,95287,4.42
518,Billy Elliot,2000,110,7.7,74,123791,22.0
519,Nausicaä of the Valley of the Wind,1984,117,8.1,86,144288,0.5
520,Doctor Zhivago,1965,197,8.0,69,68127,111.72
521,Klaus,2019,96,8.2,65,73875,
522,"Crouching Tiger, Hidden Dragon",2000,120,7.8,94,249187,128.08
523,Die Hard with a Vengeance,1995,128,7.6,58,356632,100.01
524,Lethal Weapon,1987,109,7.6,68,231948,65.21
525,Andhadhun,2018,139,8.3,0,64906,1.37
526,The Ten Commandments,1956,220,7.8,0,62236,93.74
527,Annie Hall,1977,93,8.0,92,247822,39.2
528,Ghost in the Shell,1995,83,8.0,76,125128,0.52
529,Fiddler on the Roof,1971,181,8.0,67,38219,80.5
530,The Apartment,1960,125,8.3,94,158351,18.6
531,Short Term 12,2013,96,8.0,82,79470,1.01
532,The Artist,2011,100,7.9,89,226982,44.67
533,The Illusionist,2006,110,7.6,68,350133,39.87
534,Robin Hood,1973,83,7.6,57,112469,32.06
535,Hachi: A Dog's Tale,2009,93,8.1,0,245067,
536,Me and Earl and the Dying Girl,2015,105,7.7,74,120362,6.74
537,Perfect Blue,1997,81,8.0,0,53683,0.78
538,The Man from Earth,2007,87,7.9,0,170319,
539,Blood Simple,1984,99,7.6,81,85213,2.15
540,Let the Right One In,2008,114,7.9,82,202365,2.12
541,Solaris,1972,167,8.1,90,77902,
542,Sing Street,2016,106,7.9,79,82582,3.24
543,Kramer vs. Kramer,1979,105,7.8,77,129180,106.26
544,Kung Fu Hustle,2004,99,7.7,78,124499,17.11
545,The Bridges of Madison County,1995,135,7.6,66,70958,71.52
546,La Haine,1995,98,8.1,0,143851,0.31
547,The Fall,2006,117,7.9,64,105673,2.28
548,Cinderella Man,2005,144,8.0,69,173260,61.65
549,The Last Picture Show,1971,118,8.0,93,41119,29.13
550,The French Connection,1971,104,7.7,94,107081,15.63
551,A Separation,2011,123,8.3,95,213533,7.1
552,Paths of Glory,1957,88,8.4,90,172030,
553,Naked,1993,132,7.8,84,33165,1.77
554,Battle Royale,2000,114,7.6,81,166122,
555,National Lampoon's Christmas Vacation,1989,97,7.6,49,148184,71.32
556,Night of the Living Dead,1968,96,7.9,89,112947,0.09
557,Snow White and the Seven Dwarfs,1937,83,7.6,95,176798,184.93
558,The Boy in the Striped Pajamas,2008,94,7.8,55,185374,9.03
559,All the President's Men,1976,138,8.0,84,99588,70.6
560,The Wrestler,2008,109,7.9,80,285942,26.24
561,7 Kogustaki Mucize,2019,132,8.3,0,28159,
562,Funny Games,1997,108,7.6,69,62598,
563,The Muppet Movie,1979,95,7.6,74,31817,76.66
564,Rushmore,1998,93,7.7,86,165558,17.11
565,Castle in the Sky,1986,125,8.0,78,144800,
566,The Right Stuff,1983,193,7.8,91,54862,21.5
567,Dawn of the Planet of the Apes,2014,130,7.6,79,406032,208.55
568,My Fair Lady,1964,170,7.8,95,84660,72.0
569,In the Heat of the Night,1967,110,7.9,75,65663,24.38
570,The Iron Giant,1999,86,8.0,85,167920,23.16
571,The Name of the Rose,1986,130,7.7,54,99186,7.15
572,The Bridge on the River Kwai,1957,161,8.1,87,198222,44.91
573,Network,1976,121,8.1,83,141530,
574,I Am Sam,2001,132,7.7,28,140968,40.31
575,The Verdict,1982,129,7.7,77,34930,54.0
576,On the Waterfront,1954,108,8.1,91,138045,9.6
577,Badlands,1973,94,7.8,93,63737,
578,50/50,2011,100,7.6,72,311500,35.01
579,Star Trek II: The Wrath of Khan,1982,113,7.7,67,110523,78.91
580,Finding Neverland,2004,106,7.7,67,196156,51.68
581,Glengarry Glen Ross,1992,100,7.7,82,93673,10.73
582,Persona,1966,83,8.1,86,98423,
583,Awakenings,1990,121,7.8,74,120355,52.1
584,Like Stars on Earth,2007,165,8.4,0,161084,1.22
585,The Man from Nowhere,2010,119,7.8,0,60703,0.01
586,Seven Pounds,2008,123,7.6,36,281910,69.95
587,Malcolm X,1992,202,7.7,73,83217,48.17
588,Ed Wood,1994,127,7.8,70,162750,5.89
589,This Is England,2006,101,7.7,86,114028,0.33
590,In the Name of the Father,1993,133,8.1,84,152328,25.01
591,La Dolce Vita,1960,174,8.0,95,64371,19.52
592,Miller's Crossing,1990,115,7.7,66,123573,5.08
593,The Body,2012,108,7.6,0,54186,
594,Rio Bravo,1959,141,8.0,93,54643,12.54
595,Rebel Without a Cause,1955,111,7.7,89,81418,
596,Kubo and the Two Strings,2016,101,7.8,84,114761,48.02
597,Rashomon,1950,88,8.2,98,147695,0.1
598,Mommy,2014,139,8.1,74,48526,3.49
599,How to Train Your Dragon 2,2014,102,7.8,76,297765,177.0
600,The Great Beauty,2013,141,7.8,86,78581,2.85
601,Black Book,2006,145,7.7,71,71439,4.4
602,The Last Emperor,1987,163,7.7,76,91571,43.98
603,A Streetcar Named Desire,1951,122,8.0,97,97009,8.0
604,The King of Comedy,1982,109,7.8,73,83824,2.5
605,8½,1963,138,8.0,0,106179,0.05
606,Ordinary People,1980,124,7.7,86,45613,54.8
607,Drishyam,2015,163,8.2,0,65505,0.74
608,Lord of War,2005,122,7.6,62,289471,24.15
609,The Raid 2,2014,150,8.0,71,111821,2.63
610,Clerks,1994,92,7.7,70,208998,3.15
611,Rope,1948,80,8.0,73,125523,
612,Hotel Rwanda,2004,121,8.1,79,328639,23.53
613,The Searchers,1956,119,7.9,94,78229,
614,Yojimbo,1961,110,8.2,0,107163,
615,The Wild Bunch,1969,135,7.9,97,75959,12.06
616,21 Grams,2003,124,7.7,70,221032,16.29
617,Paddington 2,2017,103,7.8,88,57733,40.44
618,The Philadelphia Story,1940,112,7.9,96,62009,
619,Mother,2009,129,7.8,79,48546,0.55
620,Witness for the Prosecution,1957,116,8.4,0,104010,8.18
621,Bonnie and Clyde,1967,111,7.8,86,100025,
622,M,1931,99,8.3,0,138828,0.03
623,Nosferatu,1922,94,7.9,0,86422,
624,The Wind Rises,2013,126,7.8,83,69751,5.21
625,Beasts of No Nation,2015,137,7.7,79,71379,0.08
626,Evil Dead II,1987,84,7.8,69,144367,5.92
627,Dawn of the Dead,1978,127,7.9,71,108982,5.1
628,Pride,2014,119,7.8,79,50498,
629,Amores Perros,2000,154,8.1,83,218772,5.38
630,The Secret World of Arrietty,2010,94,7.6,80,77242,19.2
631,The Outlaw Josey Wales,1976,135,7.8,69,63988,31.8
632,Roman Holiday,1953,118,8.0,78,124386,
633,K.G.F: Chapter 1,2018,156,8.2,0,31291,
634,Barton Fink,1991,116,7.7,69,110625,6.15
635,Cabaret,1972,124,7.8,80,47119,42.77
636,Ray,2004,152,7.7,73,135830,75.33
637,All About Eve,1950,138,8.2,98,117321,0.01
638,Charade,1963,113,7.9,83,66020,13.47
639,The Great Dictator,1940,125,8.4,0,196753,0.29
640,Frost/Nixon,2008,122,7.7,80,101266,18.59
641,Nebraska,2013,115,7.7,87,110459,17.65
642,Letters from Iwo Jima,2006,141,7.9,89,151919,13.76
643,Lucky Number Slevin,2006,110,7.7,53,296465,22.49
644,The Best Offer,2013,131,7.8,49,104913,0.09
645,Paprika,2006,90,7.7,81,68184,0.88
646,Sabrina,1954,113,7.7,72,57533,
647,The Straight Story,1999,112,8.0,86,79804,6.2
648,Harold and Maude,1971,91,7.9,62,69299,
649,PK,2014,153,8.1,0,156446,10.62
650,Mysterious Skin,2004,105,7.6,73,64882,0.7
651,Who's Afraid of Virginia Woolf?,1966,131,8.0,75,67606,
652,The Third Man,1949,93,8.1,97,154869,0.45
653,The Adventures of Robin Hood,1938,102,7.9,97,46270,3.98
654,Being There,1979,130,8.0,83,64064,30.18
655,The Tenant,1976,126,7.7,0,38289,1.92
656,"Planes, Trains & Automobiles",1987,93,7.6,72,118983,49.53
657,It Happened One Night,1934,105,8.1,87,91108,4.36
658,The Remains of the Day,1993,134,7.8,84,63806,22.95
659,The Dirty Dozen,1967,150,7.7,73,65606,45.3
660,The Last King of Scotland,2006,123,7.7,74,172581,17.61
661,Chungking Express,1994,102,8.1,77,59739,0.6
662,Dial M for Murder,1954,105,8.2,75,152758,0.01
663,The Killing Fields,1984,141,7.8,76,50351,34.7
664,Hero,2002,120,7.9,85,171797,53.71
665,25th Hour,2002,135,7.6,68,167668,13.06
666,A Little Princess,1995,97,7.7,83,31431,10.02
667,Manhattan,1979,96,7.9,83,128919,45.7
668,King Kong,1933,100,7.9,90,77395,10.0
669,Baahubali: The Beginning,2015,159,8.1,0,99857,6.74
670,What Ever Happened to Baby Jane?,1962,134,8.1,75,48670,4.05
671,Modern Times,1936,87,8.5,96,210516,0.16
672,Blow-Up,1966,111,7.6,82,54937,
673,The Maltese Falcon,1941,100,8.0,96,146586,2.11
674,The Mirror,1975,107,8.1,0,37943,0.18
675,Tokyo Story,1953,136,8.2,0,50158,
676,My Left Foot,1989,103,7.9,97,66088,14.74
677,Paper Moon,1973,102,8.1,77,41147,30.93
678,Happiness,1998,134,7.7,81,65322,2.81
679,Watership Down,1978,91,7.6,64,32952,
680,Wings of Desire,1987,128,8.0,79,62735,3.33
681,All That Jazz,1979,123,7.9,72,27106,37.82
682,Whisper of the Heart,1995,111,7.9,75,48548,
683,The Longest Day,1962,178,7.8,75,51358,39.1
684,Dancer in the Dark,2000,140,8.0,61,99845,4.18
685,Detachment,2011,98,7.7,52,74637,0.07
686,Kagemusha,1980,162,8.0,84,31176,
687,Kelly's Heroes,1970,144,7.6,50,44246,1.38
688,The Night of the Hunter,1955,92,8.0,99,80029,0.65
689,Porco Rosso,1992,94,7.7,83,73764,
690,High Noon,1952,85,7.9,89,95382,9.45
691,Strangers on a Train,1951,101,8.0,88,120792,7.63
692,Three Colors: Blue,1993,94,7.9,85,86077,1.32
693,Open Your Eyes,1997,117,7.8,0,62748,0.37
694,Throne of Blood,1957,110,8.1,0,44639,
695,Breaking the Waves,1996,159,7.8,76,61043,4.04
696,Where Eagles Dare,1968,158,7.7,63,50583,
697,The Chaser,2008,125,7.9,64,56024,
698,Dead Man,1995,121,7.6,62,88508,1.04
699,Ikiru,1952,143,8.3,0,65086,0.06
700,The Hidden Fortress,1958,126,8.1,0,33135,
701,The Message,1976,177,8.2,0,42822,
702,Loving Vincent,2017,94,7.8,62,48106,6.74
703,Mary and Max,2009,92,8.1,0,160711,
704,Three Colors: Red,1994,99,8.1,100,87299,4.04
705,Breathless,1960,90,7.9,0,70851,0.34
706,Victoria,2015,138,7.6,77,50617,
707,The Killing,1956,84,8.0,91,79425,
708,Cape Fear,1962,106,7.7,76,25632,
709,Arsenic and Old Lace,1944,118,8.0,0,64074,
710,Run Lola Run,1998,80,7.6,77,185626,7.27
711,Leviathan,2014,140,7.6,92,47866,1.09
712,The Best Years of Our Lives,1946,170,8.0,93,56178,23.65
713,Notorious,1946,102,7.9,100,90171,10.46
714,The 400 Blows,1959,99,8.1,0,101539,
715,The Treasure of the Sierra Madre,1948,126,8.2,98,111180,5.01
716,Bicycle Thieves,1948,89,8.3,0,140969,0.33
717,Batman: Mask of the Phantasm,1993,76,7.8,0,42121,5.62
718,Wild Strawberries,1957,91,8.2,88,92473,
719,Neon Genesis Evangelion: The End of Evangelion,1997,87,8.1,0,36115,
720,La Vie En Rose,2007,140,7.6,66,81262,10.3
721,3-Iron,2004,88,8.0,72,48562,0.24
722,The Secret of NIMH,1982,82,7.6,76,35405,10.14
723,The Long Goodbye,1973,112,7.6,87,25154,0.96
724,Amour,2012,127,7.9,94,90990,6.74
725,The Man Who Shot Liberty Valance,1962,123,8.1,94,67084,
726,Fanny and Alexander,1982,188,8.1,100,56110,4.97
727,The Salesman,2016,124,7.8,85,48404,2.4
728,Le Samouraï,1967,101,8.1,0,43765,0.04
729,Duck You Sucker,1971,138,7.6,77,29176,0.7
730,Land of Mine,2015,100,7.8,75,33657,0.44
731,The Thin Man,1934,91,8.0,0,25737,
732,On Golden Pond,1981,109,7.6,68,26934,119.29
733,Lagaan: Once Upon a Time in India,2001,224,8.1,84,102255,0.07
734,Andrei Rublev,1966,205,8.1,0,44599,0.1
735,The Manchurian Candidate,1962,126,7.9,94,70077,
736,Stagecoach,1939,96,7.9,93,42111,
737,Patton,1970,172,7.9,91,92247,61.7
738,Cat on a Hot Tin Roof,1958,108,8.0,84,43813,17.57
739,Eyes Without a Face,1960,90,7.7,90,26106,0.05
740,City Lights,1931,87,8.5,99,162038,0.02
741,"Aguirre, the Wrath of God",1972,95,7.9,0,50832,
742,Zindagi Na Milegi Dobara,2011,155,8.1,0,65445,3.11
743,Loveless,2017,127,7.6,86,28283,0.57
744,The Lion in Winter,1968,134,7.9,0,28386,22.28
745,Freaks,1932,64,7.9,80,41076,
746,The Odd Couple,1968,105,7.7,86,30794,44.53
747,High and Low,1963,143,8.4,0,30901,
748,Anatomy of a Murder,1959,161,8.0,95,58250,11.9
749,Children of Heaven,1997,89,8.3,0,61965,0.93
750,Talk to Her,2002,112,7.9,86,102567,9.28
751,Uri: The Surgical Strike,2019,138,8.3,0,40898,4.19
752,Frankenstein,1931,70,7.8,91,63161,
753,Delicatessen,1991,99,7.6,66,78990,1.79
754,Short Cuts,1993,188,7.7,79,41488,6.11
755,Belle de Jour,1967,100,7.7,0,39029,0.03
756,A Man Called Ove,2015,116,7.7,70,44787,3.36
757,Touch of Evil,1958,95,8.0,99,96661,2.24
758,Withnail & I,1987,107,7.7,84,39308,1.54
759,Gully Boy,2019,153,8.1,65,29241,5.57
760,Swades,2004,189,8.2,0,80997,1.22
761,The Big Sleep,1946,114,7.9,0,77403,6.54
762,The Man Who Would Be King,1975,129,7.8,91,43059,
763,A Christmas Story,1983,94,7.9,77,127613,20.61
764,A Man for All Seasons,1966,120,7.7,72,30427,28.35
765,"South Park: Bigger, Longer & Uncut",1999,81,7.7,73,189635,52.01
766,Infernal Affairs,2002,101,8.0,75,116218,0.17
767,Ninja Scroll,1993,94,7.9,0,33764,
768,"Spring, Summer, Fall, Winter... and Spring",2003,103,8.0,85,75427,2.38
769,Hedwig and the Angry Inch,2001,95,7.7,85,31412,3.03
770,The Tale of The Princess Kaguya,2013,137,8.0,89,36089,1.51
771,Waking Life,2001,99,7.8,82,59801,2.89
772,Perfect Strangers,2016,96,7.8,0,54195,
773,Judgment at Nuremberg,1961,179,8.2,60,67123,
774,The Day the Earth Stood Still,1951,92,7.7,0,75277,
775,East of Eden,1955,118,7.9,72,39288,
776,Volver,2006,121,7.6,84,92940,12.9
777,Fantasia,1940,125,7.8,96,86635,76.41
778,The Little Prince,2015,108,7.7,70,54910,1.34
779,Zulu,1964,138,7.7,77,35092,
780,Hamlet,1996,242,7.7,0,35488,4.41
781,Contempt,1963,102,7.6,0,27893,0.04
782,The Invisible Man,1933,71,7.7,87,29200,
783,Fitzcarraldo,1982,158,8.1,0,30426,
784,Hannah and Her Sisters,1986,107,7.9,90,65599,40.08
785,Once,2007,86,7.8,88,108968,9.44
786,The African Queen,1951,105,7.7,91,70096,0.54
787,All About My Mother,1999,101,7.8,87,86835,8.26
788,The Grapes of Wrath,1940,129,8.0,96,84505,0.06
789,The Diving Bell and the Butterfly,2007,112,8.0,92,101905,5.99
790,When Marnie Was There,2014,103,7.7,72,30338,0.77
791,Thank You for Smoking,2005,92,7.6,71,210977,24.79
792,Repulsion,1965,105,7.7,91,47535,
793,The Day of the Jackal,1973,143,7.8,80,36449,16.06
794,Ace in the Hole,1951,111,8.1,72,30401,3.97
795,The Conformist,1970,113,8.0,100,25980,0.54
796,Underground,1995,167,8.1,0,54088,0.17
797,5 Centimeters Per Second,2007,63,7.6,0,49040,
798,Secrets & Lies,1996,136,8.0,91,36253,13.42
799,Lilya 4-Ever,2002,109,7.8,82,41731,0.18
800,Queen,2013,146,8.2,0,59205,1.43
801,Talvar,2015,132,8.2,0,29748,0.34
802,The Cabinet of Dr. Caligari,1920,67,8.1,0,55401,
803,The Lady Vanishes,1938,96,7.8,0,46016,
804,Guess Who's Coming to Dinner,1967,108,7.8,63,38239,56.7
805,Invasion of the Body Snatchers,1956,80,7.7,92,43767,
806,Good Bye Lenin!,2003,121,7.7,68,135474,4.06
807,Laura,1944,88,8.0,0,41585,4.36
808,The Kid,1921,68,8.3,0,108596,5.45
809,In a Lonely Place,1950,94,8.0,0,25245,
810,Sympathy for Mr. Vengeance,2002,129,7.6,56,60877,0.05
811,The Hustler,1961,134,8.0,90,73854,8.28
812,Red River,1948,133,7.8,0,27335,
813,Mustang,2015,97,7.6,83,34523,0.85
814,Three Colors: White,1994,92,7.6,88,61624,1.46
815,The Vanishing,1988,107,7.7,0,32913,
816,The White Ribbon,2009,144,7.8,82,67192,2.22
817,Song of the Sea,2014,93,8.1,85,49019,0.86
818,Out of the Past,1947,97,8.0,0,31662,
819,The Hurricane,1999,146,7.6,74,89986,50.67
820,All Quiet on the Western Front,1930,152,8.0,91,56235,3.27
821,The Double Life of Véronique,1991,98,7.8,86,40257,2.0
822,The Sea Inside,2004,126,8.0,74,76186,2.09
823,Shadow of a Doubt,1943,108,7.8,94,57835,
824,A Prophet,2009,155,7.9,90,91925,2.08
825,Rang De Basanti,2006,167,8.2,0,108647,2.2
826,Sanjuro,1962,96,8.1,0,31290,
827,The Legend of 1900,1998,169,8.1,58,57216,0.26
828,The Quiet Man,1952,129,7.7,0,33792,10.55
829,A Very Long Engagement,2004,133,7.6,76,70125,6.17
830,Fearless,2006,104,7.6,70,71972,24.63
831,Mr. Smith Goes to Washington,1939,129,8.1,73,104308,9.6
832,Night on Earth,1991,129,7.8,68,53889,2.02
833,Bajrangi Bhaijaan,2015,163,8.0,0,69730,8.18
834,The Battle of Algiers,1966,121,8.1,96,50935,0.06
835,Love Me If You Dare,2003,93,7.6,45,66272,0.55
836,The Taking of Pelham One Two Three,1974,104,7.7,68,25666,
837,Rififi,1955,118,8.2,97,26180,0.06
838,Pierrot le Fou,1965,110,7.6,0,28425,
839,His Girl Friday,1940,92,7.9,0,52135,0.3
840,To Be or Not to Be,1942,99,8.2,86,27153,
841,The Bandit,1996,128,8.3,0,61626,
842,Confessions,2010,106,7.8,0,34762,
843,The Gold Rush,1925,95,8.2,0,97112,5.45
844,Once Were Warriors,1994,102,7.9,77,30873,2.2
845,Shine,1996,105,7.7,87,50454,35.81
846,The Lunchbox,2013,104,7.8,76,48738,4.23
847,My Name Is Khan,2010,165,8.0,50,96454,4.02
848,The Motorcycle Diaries,2004,126,7.8,75,95230,16.76
849,The Red Shoes,1948,135,8.1,0,29771,10.9
850,The 39 Steps,1935,86,7.6,93,50363,
851,Amarcord,1973,123,7.9,0,38758,
852,The Wages of Fear,1953,131,8.1,85,52760,
853,Kal ho naa ho,2003,186,8.0,54,61834,1.79
854,Cowboy Bebop: The Movie,2001,115,7.9,61,41881,1.0
855,Dead Man's Shoes,2004,90,7.6,52,48476,0.01
856,Bringing Up Baby,1938,102,7.9,91,53798,
857,The Wave,2008,107,7.6,0,100426,
858,The Celebration,1998,105,8.0,82,76294,1.65
859,The Return,2003,110,8.0,82,41230,0.5
860,Ayla: The Daughter of War,2017,125,8.5,0,32097,
861,A Hard Day's Night,1964,87,7.6,96,39284,13.78
862,Only Yesterday,1991,118,7.6,90,25270,0.45
863,Bride of Frankenstein,1935,75,7.8,95,42083,4.36
864,The World's Fastest Indian,2005,127,7.8,68,51147,5.13
865,Control,2007,122,7.7,78,60595,0.87
866,Anand,1971,122,8.5,0,27805,
867,Ivan's Childhood,1962,84,8.1,0,30090,
868,Dil Chahta Hai,2001,183,8.1,0,65291,0.3
869,The Virgin Spring,1960,89,8.1,0,25902,1.53
870,"I, Daniel Blake",2016,100,7.9,78,51329,0.26
871,Stalag 17,1953,120,8.0,84,50229,
872,Philomena,2013,98,7.6,77,92668,37.71
873,Elite Squad,2007,115,8.1,33,96307,0.01
874,The Station Agent,2003,89,7.6,81,66495,5.74
875,Kahaani,2012,122,8.1,0,56270,1.04
876,Badhaai Ho,2018,124,8.0,0,26257,
877,Peeping Tom,1960,101,7.7,0,29934,0.08
878,The Discreet Charm of the Bourgeoisie,1972,102,7.9,93,37295,0.2
879,Hard Boiled,1992,128,7.8,0,45823,
880,Key Largo,1948,100,7.8,0,36213,
881,The Passion of Joan of Arc,1928,114,8.1,0,45624,0.02
882,The Innocents,1961,100,7.8,88,25829,2.62
883,Crimes and Misdemeanors,1989,104,7.9,77,53436,18.25
884,Winter Sleep,2014,196,8.1,88,43726,0.17
885,Cries & Whispers,1972,91,8.1,0,29035,1.74
886,Inherit the Wind,1960,128,8.1,75,26576,
887,The Broken Circle Breakdown,2012,111,7.8,70,38573,0.18
888,Death Note,2006,126,7.7,0,28143,
889,Bhaag Milkha Bhaag,2013,186,8.2,0,59344,1.63
890,To Have and Have Not,1944,100,7.8,0,30182,
891,Hiroshima Mon Amour,1959,90,7.9,0,27355,0.09
892,Wolf Children,2012,117,8.1,71,36981,
893,About Elly,2009,119,8.0,87,43382,0.11
894,The Exterminating Angel,1962,95,8.1,0,28656,
895,The Experiment,2001,120,7.7,60,89853,0.14
896,Harvey,1950,104,7.9,0,51895,
897,Sleuth,1972,138,8.0,0,44010,4.08
898,Raise the Red Lantern,1991,125,8.1,0,28637,2.6
899,Diabolique,1955,117,8.0,0,60212,
900,Evil,2003,113,7.8,61,35081,0.02
901,Special 26,2013,144,8.0,0,49482,1.08
902,La Strada,1954,108,8.0,0,56801,
903,The Girl Who Leapt Through Time,2006,98,7.8,0,58393,
904,Hera Pheri,2000,156,8.2,0,54663,
905,The Shop Around the Corner,1940,99,8.1,96,26724,0.2
906,Persepolis,2007,96,8.0,90,86856,4.45
907,In America,2002,105,7.7,76,40040,15.54
908,Wait Until Dark,1967,108,7.8,81,27056,17.55
909,Baby,2015,159,8.0,0,51599,
910,Haider,2014,160,8.1,0,49230,0.9
911,My Sassy Girl,2001,137,8.0,0,44572,
912,My Father and My Son,2005,112,8.3,0,75796,
913,Sweet Smell of Success,1957,96,8.1,100,27160,
914,Baahubali 2: The Conclusion,2017,167,8.2,0,72238,20.19
915,Head-On,2004,121,7.9,78,49973,
916,Pink,2016,136,8.1,0,37435,1.24
917,Dilwale Dulhania Le Jayenge,1995,181,8.1,0,61766,
918,"4 Months, 3 Weeks and 2 Days",2007,113,7.9,97,55370,1.19
919,Vivre Sa Vie,1962,85,8.0,0,26568,
920,After the Wedding,2006,120,7.7,78,31252,0.41
921,Sunrise,1927,94,8.1,0,45978,0.54
922,Chak De! India,2007,153,8.2,68,72152,1.11
923,Battleship Potemkin,1925,66,8.0,0,51664,0.05
924,Udaan,2010,134,8.2,0,41466,0.01
925,L'Avventura,1960,144,7.9,0,25575,
926,Barfi!,2012,151,8.1,0,73839,2.8
927,Au Revoir les Enfants,1987,104,8.0,88,30378,4.54
928,The General,1926,67,8.1,0,78516,1.03
929,The Purple Rose of Cairo,1985,82,7.7,75,46016,10.63
930,Brief Encounter,1945,86,8.0,92,34418,
931,Miracle on 34th Street,1947,96,7.9,88,39015,2.65
932,Once Upon a Time in Anatolia,2011,157,7.9,82,39775,0.14
933,Interstate 60: Episodes of the Road,2002,116,7.7,0,29313,
934,Il Postino,1994,108,7.7,81,32780,21.85
935,Cell 211,2009,113,7.6,0,62778,
936,Fireworks,1997,103,7.8,0,26888,0.23
937,Departures,2008,130,8.1,68,47563,1.5
938,Down by Law,1986,107,7.8,75,46770,1.44
939,Lupin the 3rd: Castle of Cagliostro,1979,102,7.7,71,25825,
940,OMG: Oh My God!,2012,125,8.1,0,49602,0.92
941,The Circus,1928,72,8.1,90,27020,
942,The Past,2013,130,7.8,85,44035,1.33
943,The Visitor,2007,104,7.6,79,41151,9.42
944,Jules and Jim,1962,105,7.8,97,36482,
945,"Black Cat, White Cat",1998,127,8.1,73,49759,0.35
946,The Rules of the Game,1939,110,8.0,0,26047,
947,The Lost Weekend,1945,101,7.9,0,32706,9.46
948,Nine Queens,2000,114,7.9,80,48696,1.22
949,Paan Singh Tomar,2012,135,8.2,0,32271,0.04
950,Munna Bhai M.B.B.S.,2003,156,8.1,0,71707,
951,Lifeboat,1944,97,7.6,78,25782,
952,In a Better World,2010,118,7.6,65,37940,1.01
953,Zelig,1983,79,7.7,0,39120,11.8
954,Nights of Cabiria,1957,110,8.1,0,41785,0.75
955,No Man's Land,2001,98,7.9,84,43903,1.06
956,Tokyo Godfathers,2003,92,7.8,73,29646,0.13
957,Joint Security Area,2000,110,7.8,58,25474,
958,A Wednesday,2008,104,8.1,0,72418,
959,Knockin' on Heaven's Door,1997,87,8.0,0,26946,0.0
960,The Killer,1989,111,7.8,82,44912,
961,Udta Punjab,2016,148,7.8,0,26114,
962,The Ladykillers,1955,91,7.7,91,25581,
963,Sholay,1975,162,8.2,0,50135,
964,The Magdalene Sisters,2002,114,7.7,83,25567,4.89
965,Duck Soup,1933,69,7.8,93,54649,
966,The Chorus,2004,97,7.9,56,56078,3.64
967,Vampire Hunter D: Bloodlust,2000,103,7.7,62,28529,0.15
968,Kind Hearts and Coronets,1949,106,8.0,0,33702,
969,Airlift,2016,130,8.0,0,51784,
970,The Triplets of Belleville,2003,80,7.8,91,49882,7.0
971,G.O.R.A.,2004,127,8.0,0,54989,
972,Dev.D,2009,144,8.0,0,28120,0.01
973,Andaz Apna Apna,1994,160,8.2,0,48266,
974,Love and Death,1975,85,7.7,89,35160,
975,Central Station,1998,110,8.0,80,35296,5.6
976,Sherlock Jr.,1924,45,8.2,0,39418,0.98
977,Drishyam,2013,160,8.3,0,29652,
978,Elite Squad 2: The Enemy Within,2010,115,8.0,71,78055,0.1
979,The Muppet Christmas Carol,1992,85,7.7,64,46316,27.28
980,Tae Guk Gi: The Brotherhood of War,2004,140,8.1,64,37291,1.11
981,Tangerines,2013,87,8.2,73,37287,0.14
982,A Night at the Opera,1935,96,7.9,0,29974,2.54
983,The Secret of Kells,2009,75,7.6,81,30348,0.69
984,Black,2005,122,8.2,0,32828,0.73
985,Veer-Zaara,2004,192,7.8,67,47798,2.92
986,White Heat,1949,114,8.1,0,28873,
987,La Grande Illusion,1937,113,8.1,0,33125,0.17
988,Jab We Met,2007,138,7.9,0,46294,0.41
989,Adam's Apples,2005,94,7.8,51,44394,0.0
990,Joyeux Noel,2005,116,7.7,70,27096,1.05
991,Vicky Donor,2012,126,7.8,0,38727,0.17
992,English Vinglish,2012,134,7.8,0,32685,1.67
993,The Edge of Heaven,2007,122,7.8,85,30281,0.74
994,C.R.A.Z.Y.,2005,127,7.9,81,31159,
995,Le Dîner de Cons,1998,80,7.7,73,36535,4.07
996,"Carry On, Munna Bhai",2006,144,8.1,0,41855,2.22
997,And Now for Something Completely Different,1971,88,7.6,0,28383,
998,The Breath,2009,128,8.0,0,31172,
999,Vizontele,2001,110,8.0,0,32182,
